email,password
Brennon56@gmail.com,1234_Abcd
Lonnie34@gmail.com,1234_Abcd
Jody_OKeefe@hotmail.com,1234_Abcd
Constance_Kuhic60@yahoo.com,1234_Abcd
Walker_Weber11@yahoo.com,1234_Abcd
Jewell89@yahoo.com,1234_Abcd
Rachael.Stamm@hotmail.com,1234_Abcd
Moses32@hotmail.com,1234_Abcd
Sincere.Schulist@gmail.com,1234_Abcd
Devante.Dietrich@gmail.com,1234_Abcd
Joanny49@yahoo.com,1234_Abcd
Donnie50@yahoo.com,1234_Abcd
Gilberto88@gmail.com,1234_Abcd
Jacynthe_Reichel34@yahoo.com,1234_Abcd
Kale29@hotmail.com,1234_Abcd
Jordane11@yahoo.com,1234_Abcd
Roel_Kiehn69@hotmail.com,1234_Abcd
Ericka.Strosin@gmail.com,1234_Abcd
Calista.Balistreri52@gmail.com,1234_Abcd
Cordia.Jaskolski@hotmail.com,1234_Abcd
